Name,City,Email
Ajay Modi Travels Pvt. Ltd.,Ahmedabad,aalap@ajaymodi.org
Asarvawala Akhil Bharat Tours & Travels Pvt. Ltd.,Ahmedabad,info@akhilbharat.in
Jiravala Tourism,Vadodara,info@jirawalatourism.com
Modern Tourism,Vadodara,info@moderntourism.in
Nutan Travels,Ahmedabad,nutantravels@gmail.com
Pinks Travels,Ahmedabad,info@pinkstravels.com
Shree Sahjanand Travels,Mehsana,info@shreesahjanandtravels.com
Vibrant Holidays,Ahmedabad,info@vibrant.holiday
Shakti Travels,Ahmedabad,contact@shaktitravels.com
Parul Tours and Travels,Ahmedabad,parultoursandtravels@outlook.com
Sun Universal Tourism,Ahmedabad,info@sununiversaltourism.com
Rising Gujarat,Not specified (Gujarat-based),info@risinggujarat.com
JN Rao Travel Consultancy,Not specified (Gujarat-based),tourist@inraoindia.com
Rezmytrip (TAG member),Ahmedabad,munjal@rezmytrip.com
Dishaan Holidays Pvt Ltd (TAG member),Mehsana,info@dhplworld.com
Getaway Holidays (TAG member),Ahmedabad,getawayholidays@hotmail.com
Wide World Services (TAG member),Ahmedabad,info@wideworldservices.in
HECT India,Ahmedabad,info@hectindia.com
Flamingo Transworld Pvt Ltd,Ahmedabad,info@flamingotravels.co.in
Kesavi Tours,Ahmedabad,info@kesavitours.com
Akash Travels,Ahmedabad,info@akashtravel.com
Shreeji Tours & Travels,Surat,shreejitours@gmail.com
Patel Tours & Travels,Vadodara,info@pateltours.com
Maruti Travels,Rajkot,marutitravels@outlook.com