Agency,City,Email
Flamingo Transworld Pvt. Ltd. (Head Office),Ahmedabad,teamgcm@flamingotravels.co.in
Flamingo Transworld Pvt. Ltd. (General),Ahmedabad,world@flamingotravels.co.in
Flamingo Transworld (Vadodara branch contact),Vadodara,baroda2@flamingotravels.co.in
Akshar Tours,Ahmedabad,akshartours@ymail.com
Arise Tours & Travels (Head Office),Surat,contact@arisetravelsurat.com
Arise Tours & Travels (Ghod Dod Branch),Surat,arisetourismgd@gmail.com
ESPI Travels,Vadodara,sales01@espitravels.in
Pramukh Tours,Surat,info@pramukhtours.com
Travelomoon,Surat,travelomoon@gmail.com
Travel Mandi,Surat,travelmandisurat@gmail.com
Global Regent Tours & Travels,Ahmedabad,globalregenttravels@gmail.com
Uniglobe TTS,Ahmedabad,info@uniglobetts.com
The Destination Travels,Ahmedabad,info@thedestinationtravels.in
Parshwanath Tourist Service,Ahmedabad,parshwanathtourist@gmail.com
Parshwanath Travels Pvt Ltd,Ahmedabad,parshwanath.travelsolution@gmail.com
Akhil Bharat Tours & Travels (Head Office),Ahmedabad,akhilbharat1950@gmail.com
Gujarat Travel (Bhavnagar),Bhavnagar,ebookings@gujarattravel.in
Lotus Holidays,Vadodara,lotusholidaysbdq@gmail.com
Rao Travel Services,Ahmedabad,geeta@raotravelservices.com
Aatithya Trips Pvt. Ltd.,Ahmedabad,KEYUR@AATITHYAHOLIDAYS.COM
Rural Pleasure Responsible Tourism,Vadodara,info@ruralpleasure.com
Ventura Holidays Pvt. Ltd.,Ahmedabad,alok.singh@venturaholidays.com
Pathfinders Holidays,Ahmedabad,info@pathfindersholidays.com
Shakti Travels,Ahmedabad,maheshdudakiya@shaktitravels.com
Travelclub Holidays Pvt. Ltd.,Ahmedabad,contact@travelclubindia.net
Jel Tours Pvt. Ltd.,Ahmedabad,jel.tours@gmail.com
RadheShyam Travels Pvt. Ltd.,Ahmedabad,booking@radheshyamgroup.com
Team Experts Tours & Travels Pvt. Ltd.,Surat,suratsales@teamxptravel.com
Global Regent Tours & Travels,Ahmedabad,globalregenttravels@gmail.com
Mrityunjaya Multiservices Pvt. Ltd.,Mehsana,mrityunjayamultiservicespvtltd@gmail.com
Radhe Krishna Tourism,Ahmedabad,radhekrishnatourism@yahoo.com
Posun Travels,Vadodara,posun01@yahoo.com
World Travels India Ltd,Ahmedabad,worldtravelintl@gmail.com
Jirawala Tourism,Vadodara,jirawalabaroda@yahoo.com
Sunbeams Travels Baroda Pvt. Ltd.,Vadodara,tours@sunbeamstravels.com
Solitaire Gujarat (Unit of Solitaire Transworld Pvt. Ltd.),Ahmedabad,solitairegujarat@gmail.com
Faith Travels,Vadodara,faith777travels@gmail.com
Akbar Travels of India Pvt. Ltd.,Ahmedabad,ahmedabad@akbarholidays.com;ahmedabad@akbartravels.in
Ambe Travels,Vadodara,ambetravel.patel@gmail.com
Anala Outdoors Pvt. Ltd.,Ahmedabad,info@analaoutdoors.com
Navbharat Travels,Ahmedabad,info@navbharattravels.com
Hindustan Tourism Services,Ahmedabad,nitindalal@yahoo.com
Shree Yatra Holidays,Mehsana,shreeyatraholidays@yahoo.com
The World Trade Tours & Travels,Ahmedabad,info@worldtradetours.com
Devi Travels,Rajkot,info@devitravels.net
Ajay Modi Travels Pvt. Ltd.,Ahmedabad,a...@ajaymodi.org
Travel Mentor,Rajkot,sajju@travelmentor.in
Priya Travels,Ahmedabad,priyatravels2011@gmail.com
Compass Tourism,Ahmedabad,sanket@compasstourism.com
Destination Tours & Travel Services,Ahmedabad,info@destinations4india.com
Horizon Holidays,Ahmedabad,horizonholidays@gmail.com
Sunrise Holidays,Jamnagar,info@sunriseholidays.in
Mystic Gujarat Tours,Ahmedabad,info@mysticgujarat.com
Krish Tours & Travels,Ahmedabad,krishtravels@gmail.com
Harsh Holidays,Ahmedabad,info@harshholidays.com
A to Z Holidays,Ahmedabad,holidays@atozholidays.in
Modern Tourism,Vadodara,moderntravelandtours@gmail.com
Medora Travel Services,Ahmedabad,oorvaksh@medoraindia.com
J N Rao Travel Consultancy Services Pvt. Ltd.,Ahmedabad,tourist@jnraoindia.com
Gandhi Travel & Tours,Vadodara,info@gandhitravels.com
DISAA LINK Travel Services Pvt. Ltd.,Ahmedabad,disaa_visa_aa1@yahoo.co.in
HIR International,Rajkot,kiran@hirinternational.com
Shree Kastbhanjan Dev Travels,Navsari,shreekastbhanjantourism@gmail.com
Leisure Tours and Travels,Ahmedabad,leisurett@yahoo.co.in
Ranjan Travels,Mehsana,ranjantravels@gmail.com
Shakti Holidays,Ahmedabad,shaktiholidays@yahoo.com
Windex Tours & Travels,Ahmedabad,info@windextours.in
Mrityunjaya Holidays,Mehsana,mrityunjayamultiservicespvtltd@gmail.com
Best Tours & Forex Pvt. Ltd.,Rajkot,intlpkg@besttourstravels.com
Arihant Travels,Ahmedabad,arihanttravel2002@yahoo.com
Vala Tours,Ahmedabad,contact@valavoyages.com
Moovers Holidays,Surat,mooversholidays@gmail.com
Apna Bharat Tours & Travels,Ahmedabad,apnabharat@hotmail.com
Prejag Holidays,Surat,binay@prejagholidays.com
M/S Shree Mahaprabhuji Yatra Sangh,Vadodara,sheth.rajeshs@gmail.com
Gujarat Tour and Travel Organizer,Ahmedabad,welcomegujarat@gmail.com
Simandhar Tours,Ahmedabad,info@touryatra.com
Shree Sahjanand Travels,Mehsana,shree.sahjanand@yahoo.com
Royal Travel,Jamnagar,dshah@unigloberoyaltravel.com
Mehta Tours,Vadodara,mehtatoursvadodara@gmail.com
Kakiwala Tours and Travels,Ahmedabad,welcomegujarat@gmail.com
